impl,event,horizon,count,mean_return,median_return,mae_mean,mfe_mean,bc_score_mean,spring_score_mean,composite_score_mean,density
kapman_v0_handwritten_structural,AR,5,49,0.09441423619126343,0.24535245824290566,-5.001597708259701,6.947544643104198,0.0,0.0,0.0,0.000953511451867131
kapman_v0_handwritten_structural,AR,10,49,0.6719634284295519,-0.8389524854947525,-6.572304555904979,10.14181063974738,0.0,0.0,0.0,0.000953511451867131
kapman_v0_handwritten_structural,AR,20,49,9.303602578493491,4.735376044568243,-7.783063213696137,22.160379974714907,0.0,0.0,0.0,0.000953511451867131
kapman_v0_handwritten_structural,AR,40,49,13.284915941478074,5.571913929784826,-7.783063213696137,22.160379974714907,0.0,0.0,0.0,0.000953511451867131
