impl,event,horizon,count,mean_return,median_return,mae_mean,mfe_mean,bc_score_mean,spring_score_mean,composite_score_mean,density
kapman_v0_handwritten_structural,SOS,5,68,-3.3410682483479266,-0.4484773507643668,-8.367037574983827,7.30089203474315,0.0,0.0,0.0,0.0013232403821829574
kapman_v0_handwritten_structural,SOS,10,68,-2.0260685233203812,-0.20095578609903222,-11.61982785747345,10.128503053669515,0.0,0.0,0.0,0.0013232403821829574
kapman_v0_handwritten_structural,SOS,20,68,-3.975966795584343,-3.3679336548407868,-15.386991662181462,14.97798556301728,0.0,0.0,0.0,0.0013232403821829574
kapman_v0_handwritten_structural,SOS,40,68,-12.930753187528737,-9.370706370614727,-15.386991662181462,14.97798556301728,0.0,0.0,0.0,0.0013232403821829574
