impl,event,horizon,count,mean_return,median_return,mae_mean,mfe_mean,bc_score_mean,spring_score_mean,composite_score_mean,density
kapman_v0_handwritten_structural,AR,5,30,0.20991204960970566,0.8298072853401088,-4.705521142833884,5.363877173490025,0.0,0.0,0.0,0.0005837825215513048
kapman_v0_handwritten_structural,AR,10,30,-0.3389246923975069,-1.3593414370483599,-6.387422548197964,6.505446941523555,0.0,0.0,0.0,0.0005837825215513048
kapman_v0_handwritten_structural,AR,20,30,5.321550908387861,4.338242948671439,-7.711129092762673,11.700648306927754,0.0,0.0,0.0,0.0005837825215513048
kapman_v0_handwritten_structural,AR,40,30,15.639716832153841,7.098242985035972,-7.711129092762673,11.700648306927754,0.0,0.0,0.0,0.0005837825215513048
