impl,event,horizon,count,mean_return,median_return,mae_mean,mfe_mean,bc_score_mean,spring_score_mean,composite_score_mean,density
kapman_v0_handwritten_structural,SOS,5,2,-7.863842274332931,-7.863842274332931,-12.137156434559648,13.556188760038662,0.0,0.0,0.0,3.891883477008698e-05
kapman_v0_handwritten_structural,SOS,10,2,10.781271029529098,10.781271029529098,-17.983131626450405,24.904311626932863,0.0,0.0,0.0,3.891883477008698e-05
kapman_v0_handwritten_structural,SOS,20,2,41.785331919660536,41.785331919660536,-18.026067091144238,56.48280992044822,0.0,0.0,0.0,3.891883477008698e-05
kapman_v0_handwritten_structural,SOS,40,2,23.4488179727923,23.4488179727923,-18.026067091144238,56.48280992044822,0.0,0.0,0.0,3.891883477008698e-05
