impl,event,horizon,count,mean_return,median_return,mae_mean,mfe_mean,bc_score_mean,spring_score_mean,composite_score_mean,density
kapman_v0_handwritten_structural,AR,5,48,0.2638547414402942,0.30820957564826856,-4.8911000198435906,7.002840837154708,0.0,0.0,0.0,0.0009375183109045099
kapman_v0_handwritten_structural,AR,10,48,0.6762676528862667,-0.9878515833468287,-6.4945299268148124,10.179538852789603,0.0,0.0,0.0,0.0009375183109045099
kapman_v0_handwritten_structural,AR,20,48,9.59390865500477,5.557190924126157,-7.730512723309952,22.309782859455467,0.0,0.0,0.0,0.0009375183109045099
kapman_v0_handwritten_structural,AR,40,48,14.467074200204074,6.197593654388671,-7.730512723309952,22.309782859455467,0.0,0.0,0.0,0.0009375183109045099
