impl,event,horizon,count,mean_return,median_return,mae_mean,mfe_mean,bc_score_mean,spring_score_mean,composite_score_mean,density
kapman_v0_handwritten_structural,AR,5,6,-4.107428448638694,-4.192129569176398,-9.677046042353375,4.956227552845779,0.0,0.0,0.0,0.00011675650431026096
kapman_v0_handwritten_structural,AR,10,6,-0.3548301652416758,-2.3626091422701654,-11.427112232451337,14.067079818979055,0.0,0.0,0.0,0.00011675650431026096
kapman_v0_handwritten_structural,AR,20,6,33.52891897115217,-4.4244294065812255,-11.91383999953257,71.03054126164298,0.0,0.0,0.0,0.00011675650431026096
kapman_v0_handwritten_structural,AR,40,6,1.6717620310291286,-10.141166205378363,-11.91383999953257,71.03054126164298,0.0,0.0,0.0,0.00011675650431026096
